{
  "alias" : "BMWBlack_Mesh.006_BMWBlack",
  "vertices" : [-3.759841,1.401016,-0.048115,-3.779113,1.390396,-0.033412,-3.801846,1.37787,-0.028249,-3.824579,1.365343,-0.033412,-3.843851,1.354723,-0.048115,-3.856728,1.347628,-0.070119,-3.86125,1.345136,-0.096075,-3.856728,1.347628,-0.122031,-3.843851,1.354723,-0.144035,-3.824579,1.365343,-0.158738,-3.801846,1.37787,-0.163901,-3.779113,1.390396,-0.158738,-3.759841,1.401016,-0.144035,-3.746964,1.408112,-0.122031,-3.742442,1.410604,-0.096075,-3.746964,1.408112,-0.070119,-3.778566,1.39657,-0.066661,-3.790386,1.390057,-0.057643,-3.804328,1.382374,-0.054477,-3.81827,1.374691,-0.057643,-3.83009,1.368178,-0.066661,-3.837988,1.363826,-0.080156,-3.840761,1.362298,-0.096075,-3.837988,1.363826,-0.111994,-3.83009,1.368178,-0.12549,-3.81827,1.374691,-0.134507,-3.804328,1.382374,-0.137674,-3.790386,1.390057,-0.134507,-3.778566,1.39657,-0.12549,-3.770668,1.400922,-0.111994,-3.767895,1.40245,-0.096075,-3.770668,1.400922,-0.080156],
  "indices" : [0,16,17,0,17,1,2,1,17,2,17,18,2,18,19,2,19,3,4,3,19,4,19,20,4,20,21,4,21,5,6,5,21,6,21,22,6,22,23,6,23,7,8,7,23,8,23,24,9,8,24,9,24,25,10,9,25,10,25,26,10,26,27,10,27,11,12,11,27,12,27,28,13,12,28,13,28,29,13,29,30,13,30,14,14,30,31,14,31,15,0,15,31,0,31,16],
  "Ni" : 1.00000,
  "Ka" : [0.00000,0.00000,0.00000],
  "d" : 1.00000,
  "Kd" : [0.00000,0.00000,0.00000],
  "illum" : 2,
  "Ks" : [0.30000,0.30000,0.30000],
  "Ns" : 390.19608
}