{
  "alias" : "BMWBlue_Mesh.002_BMWBlue",
  "vertices" : [-3.806023,1.385451,-0.096075,-3.824349,1.371342,-0.061864,-3.818119,1.374775,-0.058062,-3.811358,1.3785,-0.05572,-3.804328,1.382374,-0.05493,-3.840365,1.362517,-0.096075,-3.839672,1.362898,-0.088048,-3.837621,1.364028,-0.080329,-3.834291,1.365863,-0.073216,-3.82981,1.368333,-0.066981,-3.828189,1.365392,-0.066981,-3.832671,1.362922,-0.073216,-3.836001,1.361087,-0.080329,-3.838052,1.359957,-0.088048,-3.838744,1.359576,-0.096075,-3.802707,1.379433,-0.05493,-3.809738,1.375559,-0.05572,-3.816498,1.371834,-0.058062,-3.822728,1.368401,-0.061864,-3.804403,1.38251,-0.096075,-3.804403,1.38251,-0.096075,-3.782686,1.390465,-0.130286,-3.788917,1.387032,-0.134089,-3.795677,1.383307,-0.13643,-3.802707,1.379433,-0.137221,-3.766671,1.39929,-0.096075,-3.767363,1.398909,-0.104102,-3.769414,1.397779,-0.111821,-3.772744,1.395944,-0.118934,-3.777226,1.393474,-0.125169,-3.778846,1.396415,-0.125169,-3.774365,1.398885,-0.118934,-3.771035,1.40072,-0.111821,-3.768984,1.40185,-0.104102,-3.768291,1.402231,-0.096075,-3.804328,1.382374,-0.137221,-3.797298,1.386248,-0.13643,-3.790537,1.389973,-0.134089,-3.784307,1.393406,-0.130286,-3.806023,1.385451,-0.096075],
  "indices" : [0,9,1,0,1,2,0,2,3,0,3,4,0,5,6,0,6,7,0,7,8,9,0,8,9,8,11,9,11,10,8,7,12,8,12,11,7,6,13,7,13,12,6,5,14,6,14,13,5,0,19,5,19,14,0,4,15,0,15,19,4,3,16,4,16,15,3,2,17,3,17,16,2,1,18,2,18,17,1,9,10,1,10,18,18,10,19,17,18,19,16,17,19,15,16,19,13,14,19,12,13,19,11,12,19,11,19,10,28,20,29,28,27,20,27,26,20,26,25,20,24,23,20,23,22,20,22,21,20,21,29,20,38,30,29,38,29,21,37,38,21,37,21,22,36,37,22,36,22,23,35,36,23,35,23,24,39,35,24,39,24,20,34,39,20,34,20,25,33,34,25,33,25,26,32,33,26,32,26,27,31,32,27,31,27,28,30,31,28,30,28,29,30,39,31,39,32,31,39,33,32,39,34,33,39,36,35,39,37,36,39,38,37,39,30,38],
  "Ni" : 1.00000,
  "Ka" : [0.00000,0.00000,0.00000],
  "d" : 1.00000,
  "Kd" : [0.04740,0.24105,0.62993],
  "illum" : 2,
  "Ks" : [0.30000,0.30000,0.30000],
  "Ns" : 390.19608
}