{
  "alias" : "Light_Mesh.046_HeadLightGlass",
  "vertices" : [-3.836118,1.280185,-0.908511,-3.836118,1.280185,0.715238,-3.557827,1.328729,-1.243776,-3.557827,1.328729,1.050503,-3.705664,1.30989,-1.079689,-3.705664,1.30989,0.886416,-3.872365,1.129578,-0.854195,-3.872365,1.129578,0.660922,-3.262877,1.289781,-1.489195,-3.262877,1.289781,1.295922,-3.435343,1.137068,-1.42476,-3.435343,1.137068,1.231487,-3.341965,1.193995,-1.482222,-3.341965,1.193995,1.288949,-3.559488,1.099476,-1.324309,-3.559488,1.099476,1.131036,-3.733601,1.113999,-1.091026,-3.733601,1.113999,0.897753,-3.417541,1.324162,-1.366204,-3.417541,1.324162,1.172931,-3.347398,1.321878,-1.427418,-3.347398,1.321878,1.234145,-3.269625,1.322572,-1.48334,-3.269625,1.322572,1.290067,-3.73488,1.211944,-1.085357,-3.73488,1.211944,0.892084,-3.603395,1.214103,-1.284043,-3.603395,1.214103,1.090769,-3.860802,1.203662,-0.878341,-3.860802,1.203662,0.685067,-3.47007,1.230615,-1.395482,-3.47007,1.230615,1.202209,-3.364046,1.257937,-1.45482,-3.364046,1.257937,1.261547,-3.250646,1.330742,-1.480249,-3.250646,1.330742,1.286976,-3.283329,1.320886,-1.476826,-3.283329,1.320886,1.283553,-3.269724,1.281488,-1.488591,-3.269724,1.281488,1.295318,-3.281398,1.30064,-1.48287,-3.281398,1.30064,1.289597,-3.839768,1.279024,-0.900407,-3.839768,1.279024,0.707134,-3.869922,1.134974,-0.829301,-3.869922,1.134974,0.636028,-3.867083,1.200711,-0.863039,-3.867083,1.200711,0.669766,-3.837335,1.279798,-0.90581,-3.837335,1.279798,0.712537,-3.838552,1.279411,-0.903108,-3.838552,1.279411,0.709835,-3.871551,1.131376,-0.845897,-3.871551,1.131376,0.652624,-3.870737,1.133175,-0.837599,-3.870737,1.133175,0.644326,-3.862895,1.202678,-0.874493,-3.862895,1.202678,0.681219,-3.864989,1.201694,-0.870645,-3.864989,1.201694,0.677371],
  "indices" : [0,4,24,0,24,28,25,5,1,25,1,29,28,24,16,28,16,6,17,25,29,17,29,7,4,2,26,4,26,24,27,3,5,27,5,25,24,26,14,24,14,16,15,27,25,15,25,17,2,18,30,2,30,26,31,19,3,31,3,27,26,30,10,26,10,14,11,31,27,11,27,15,12,10,30,12,30,32,31,11,13,31,13,33,32,30,18,32,18,20,19,31,33,19,33,21,32,20,36,32,36,40,37,21,33,37,33,41,40,36,22,40,22,34,23,37,41,23,41,35,12,32,40,12,40,38,41,33,13,41,13,39,38,40,34,38,34,8,35,41,39,35,39,9,0,28,56,0,56,48,57,29,1,57,1,49,58,50,48,58,48,56,49,51,59,49,59,57,50,58,46,50,46,42,47,59,51,47,51,43,58,54,44,58,44,46,45,55,59,45,59,47,54,58,56,54,56,52,57,59,55,57,55,53,52,56,28,52,28,6,29,57,53,29,53,7],
  "Ni" : 1.00000,
  "Ka" : [0.00000,0.00000,0.00000],
  "d" : 0.90000,
  "Kd" : [0.78741,0.86138,1.00000],
  "illum" : 2,
  "Ks" : [1.00000,1.00000,1.00000],
  "Ns" : 45.09804
}