{
  "alias" : "Mirror_Mesh.050_Mirror",
  "vertices" : [-1.020431,1.835872,-1.693322,-1.020431,1.835872,1.500048,-1.053675,1.828835,-1.592243,-1.053675,1.828835,1.39897,-1.013024,1.780718,-1.702283,-1.013024,1.780718,1.50901,-0.987187,1.842909,-1.7944,-0.987187,1.842909,1.601127,-1.027837,1.891026,-1.68436,-1.027837,1.891026,1.491087,-1.057454,1.882157,-1.590544,-1.057454,1.882157,1.39727,-1.045463,1.776452,-1.607419,-1.045463,1.776452,1.414146,-0.981573,1.792337,-1.795953,-0.981573,1.792337,1.602679,-0.997233,1.892542,-1.779371,-0.997233,1.892542,1.586098,-1.078395,1.775864,-1.511957,-1.078395,1.775864,1.318684,-1.086918,1.821799,-1.491164,-1.086918,1.821799,1.297891,-1.086576,1.869611,-1.504053,-1.086576,1.869611,1.310779,-1.035035,1.724539,-1.629334,-1.035035,1.724539,1.436061,-1.005617,1.732938,-1.711245,-1.005617,1.732938,1.517972,-0.978175,1.741297,-1.790766,-0.978175,1.741297,1.597493,-1.059016,1.935947,-1.595583,-1.059016,1.935947,1.40231,-1.035244,1.94618,-1.675398,-1.035244,1.94618,1.482125,-1.009496,1.941706,-1.757603,-1.009496,1.941706,1.56433,-0.950615,1.807634,-1.889024,-0.950615,1.807634,1.695751,-0.953943,1.849945,-1.895479,-0.953943,1.849945,1.702206,-0.966136,1.89038,-1.874979,-0.966136,1.89038,1.681706,-1.061078,1.740534,-1.558437,-1.061078,1.740534,1.365164,-1.077299,1.91057,-1.531708,-1.077299,1.91057,1.338435,-0.958058,1.769424,-1.854494,-0.958058,1.769424,1.661221,-0.985289,1.92296,-1.828647,-0.985289,1.92296,1.635374],
  "indices" : [0,8,10,0,10,2,11,9,1,11,1,3,2,10,22,2,22,20,23,11,3,23,3,21,8,32,30,8,30,10,31,33,9,31,9,11,10,30,44,10,44,22,45,31,11,45,11,23,0,2,12,0,12,4,13,3,1,13,1,5,4,12,24,4,24,26,25,13,5,25,5,27,2,20,18,2,18,12,19,21,3,19,3,13,12,18,42,12,42,24,43,19,13,43,13,25,0,4,14,0,14,6,15,5,1,15,1,7,6,14,36,6,36,38,37,15,7,37,7,39,4,26,28,4,28,14,29,27,5,29,5,15,14,28,46,14,46,36,47,29,15,47,15,37,0,6,16,0,16,8,17,7,1,17,1,9,8,16,34,8,34,32,35,17,9,35,9,33,6,38,40,6,40,16,41,39,7,41,7,17,16,40,48,16,48,34,49,41,17,49,17,35],
  "Ni" : 1.00000,
  "Ka" : [0.00000,0.00000,0.00000],
  "d" : 1.00000,
  "Kd" : [0.00000,0.00000,0.00000],
  "illum" : 2,
  "Ks" : [0.50000,0.50000,0.50000],
  "Ns" : 194.11765
}