{
  "alias" : "FogLight_Mesh.014_Foglight",
  "vertices" : [-3.741302,0.750416,-1.183979,-3.741302,0.750416,0.990706,-3.696274,0.750381,-1.294514,-3.696274,0.750381,1.101241,-3.588296,0.750362,-1.42918,-3.588296,0.750362,1.235907,-3.637685,0.535166,-1.398567,-3.637685,0.535166,1.205294,-3.733157,0.535166,-1.193832,-3.733157,0.535166,1.000559,-3.710085,0.535166,-1.293967,-3.710085,0.535166,1.100693,-3.594445,0.648925,-1.439066,-3.594445,0.648925,1.245793,-3.585608,0.697577,-1.445823,-3.585608,0.697577,1.25255,-3.736619,0.750415,-1.19965,-3.736619,0.750415,1.006377,-3.737573,0.535166,-1.224234,-3.737573,0.535166,1.03096,-3.760832,0.750314,-1.137067,-3.760832,0.750314,0.943793,-3.692841,0.535166,-1.159219,-3.692841,0.535166,0.965946,-3.739103,0.750289,-1.130723,-3.739103,0.750289,0.937449,-3.667308,0.535166,-1.153458,-3.667308,0.535166,0.960184,-3.723444,0.750344,-1.130319,-3.723444,0.750344,0.937046,-3.661576,0.535166,-1.153054,-3.661576,0.535166,0.959781,-3.712844,0.750344,-1.130319,-3.712844,0.750344,0.937046,-3.650976,0.535166,-1.153054,-3.650976,0.535166,0.959781,-3.706707,0.750344,-1.130319,-3.706707,0.750344,0.937046,-3.644839,0.535166,-1.153054,-3.644839,0.535166,0.959781,-3.706707,0.750146,-1.130319,-3.706707,0.750146,0.937046,-3.644839,0.535166,-1.144971,-3.644839,0.535166,0.951698],
  "indices" : [4,14,12,4,12,6,13,15,5,13,5,7,2,4,6,2,6,10,7,5,3,7,3,11,8,0,16,8,16,18,17,1,9,17,9,19,18,16,2,18,2,10,3,17,19,3,19,11,20,0,8,20,8,22,9,1,21,9,21,23,22,26,24,22,24,20,25,27,23,25,23,21,26,30,28,26,28,24,29,31,27,29,27,25,30,34,32,30,32,28,33,35,31,33,31,29,34,38,36,34,36,32,37,39,35,37,35,33,38,42,40,38,40,36,41,43,39,41,39,37],
  "Ni" : 1.00000,
  "Ka" : [0.00000,0.00000,0.00000],
  "d" : 1.00000,
  "Kd" : [0.00000,0.00000,0.00000],
  "illum" : 2,
  "Ks" : [0.20000,0.20000,0.20000],
  "Ns" : 231.37255
}